,company,company_url
0,Bukalapak,https://www.linkedin.com/company/pt-bukalapak-com
1,Morgan McKinley,https://www.linkedin.com/company/morgan-mckinley
2,FinClear,https://www.linkedin.com/company/finclear-execution-limited
3,Atlassian,https://www.linkedin.com/company/atlassian
4,Graduate Recruitment Bureau (GRB),https://www.linkedin.com/company/graduate-recruitment-bureau
5,Bilue,https://www.linkedin.com/company/bilue
6,swipejobs,https://www.linkedin.com/company/swipejobs
7,Bigtincan,https://www.linkedin.com/company/bigtincan
8,"Enable, a Fujitsu company",https://www.linkedin.com/company/enable-a-fujitsu-company
9,Fivecast,https://www.linkedin.com/company/fivecast
10,Subaru Australia,https://www.linkedin.com/company/subaru-australia
11,State of Wisconsin,https://www.linkedin.com/company/state-of-wisconsin
12,Leidos,https://www.linkedin.com/company/leidos
13,Queensland Government,https://www.linkedin.com/company/queensland-government
14,CODUP,https://www.linkedin.com/company/coodup
15,Echo360,https://www.linkedin.com/company/echo360
16,Microsoft,https://www.linkedin.com/company/microsoft
17,Computershare,https://www.linkedin.com/company/computershare
18,Workforce Australia for Individuals,https://www.linkedin.com/company/workforceaustraliaforindividuals
19,Infosys,https://www.linkedin.com/company/infosys
20,Instawork,https://www.linkedin.com/company/instawork
21,Dye & Durham Corporation,https://www.linkedin.com/company/dyedurhamcorporation
22,Nexus Silicon Technologies,https://www.linkedin.com/company/nexus-silicon-technologies
23,SICE ANZ,https://www.linkedin.com/company/siceanz
24,Titan Recruitment,https://www.linkedin.com/company/titan-recruitment
25,Victoria State Emergency Service,https://www.linkedin.com/company/victoria-state-emergency-service
26,CryptoRecruit,https://www.linkedin.com/company/cryptorecruit
27,It Works! Global,https://www.linkedin.com/company/it-works-global
28,Depol komunikacije,https://www.linkedin.com/company/depol-komunikacije
29,KAYAK,https://www.linkedin.com/company/kayak
30,Stackup,https://www.linkedin.com/company/stackup-fi
31,Carnival Australia,https://www.linkedin.com/company/carnival-australia_2
32,Flight Centre Travel Group,https://www.linkedin.com/company/flight-centre
33,Telstra Health,https://www.linkedin.com/company/telstra-health_health-services
34,Shotstack,https://www.linkedin.com/company/shotstack
35,IT Recruiter - Information Technology Recruitment Specialists,https://www.linkedin.com/company/it-recruiter
36,"Wiser Solutions, Inc.",https://www.linkedin.com/company/wiser
37,Compass Education,https://www.linkedin.com/company/compasseducation
38,Leidos Australia,https://www.linkedin.com/company/leidos-australia
39,KangaTech,https://www.linkedin.com/company/kangatech
40,Potentiality,https://www.linkedin.com/company/potentiality
56,LVT People,https://www.linkedin.com/company/lvtpeople
215,Nosto,https://www.linkedin.com/company/nosto
516,CoTalent,https://www.linkedin.com/company/cotalentgroup
521,Holmesglen,https://www.linkedin.com/company/holmesglen
524,Citadel Health,https://www.linkedin.com/company/citadel-health
526,Appian Corporation,https://www.linkedin.com/company/appian-corporation
527,Lovisa Pty Ltd,https://www.linkedin.com/company/lovisa-pty-ltd
529,Cadmus,https://www.linkedin.com/company/cadmus-io
530,Forbes Shire Council,https://www.linkedin.com/company/forbesshirecouncil
532,Enterprise IT Resources,https://www.linkedin.com/company/enterprise-it-resources
533,Altera Digital Health,https://www.linkedin.com/company/altera-health
536,Sympli,https://www.linkedin.com/company/sympli-australia
690,Open Universities Australia,https://www.linkedin.com/company/open-universities-australia
692,HelloFresh,https://www.linkedin.com/company/hellofresh
693,PaidRight,https://www.linkedin.com/company/paidright
695,Intellify,https://www.linkedin.com/company/intellify-pty-ltd
696,Entain,https://www.linkedin.com/company/entain
697,Capgemini Engineering,https://www.linkedin.com/company/capgemini-engineering
700,Quantexa,https://www.linkedin.com/company/quantexa
701,Virtusa,https://www.linkedin.com/company/westen-tou-business-solution
702,Lendi Group,https://www.linkedin.com/company/lendi-group
703,Edison Talent,https://www.linkedin.com/company/edison-talent
705,synogize,https://www.linkedin.com/company/synogize
706,Salt,https://www.linkedin.com/company/salt
707,Zone IT Solutions,https://www.linkedin.com/company/zoneitsolutions
708,Allianz Technology,https://www.linkedin.com/company/allianz-technology
710,Talent.Realised Pty Ltd,https://www.linkedin.com/company/talentrealised-pty-ltd
711,AustCorp Executive,https://www.linkedin.com/company/austcorp-executive
712,Tech Mahindra,https://www.linkedin.com/company/tech-mahindra
713,Hire Digital,https://www.linkedin.com/company/hiredigitalco
716,XPT Software,https://www.linkedin.com/company/xpt-software
718,HUB24 Limited,https://www.linkedin.com/company/hub-24
720,Hays,https://www.linkedin.com/company/hays
721,Fractal,https://www.linkedin.com/company/fractal-analytics
723,Class Pty Limited,https://www.linkedin.com/company/classlimited
724,MECCA Brands,https://www.linkedin.com/company/mecca-brands
726,Capgemini,https://www.linkedin.com/company/capgemini
728,The Business Agility Group (Australia) Pty Ltd,https://www.linkedin.com/company/the-business-agility-group-pty-ltd
729,AllSquares,https://www.linkedin.com/company/allsquares
730,UnitingCare Queensland,https://www.linkedin.com/company/unitingcare-queensland
733,Maltem Australia,https://www.linkedin.com/company/maltem-au
734,XPT Software Australia,https://www.linkedin.com/company/xpt-software-australia
735,Relectrify,https://www.linkedin.com/company/relectrify
736,Specsavers,https://www.linkedin.com/company/specsavers
737,EY,https://www.linkedin.com/company/ernstandyoung
738,Cox Purtell Staffing Services,https://www.linkedin.com/company/coxpurtell
790,University of Technology Sydney,https://www.linkedin.com/company/university-of-technology-sydney
791,Coles Group,https://www.linkedin.com/company/colesgroup
792,Valrose,https://www.linkedin.com/company/valroserecruit
794,Rubix Solutions Pty Ltd,https://www.linkedin.com/company/rubix-solutions-pty-ltd
797,REA Group,https://www.linkedin.com/company/rea-group
799,Edge Stackers,https://www.linkedin.com/company/edge-stackers
802,Correlate Resources,https://www.linkedin.com/company/correlate-resources
803,Datacom,https://www.linkedin.com/company/datacom
804,Talent Insights Group,https://www.linkedin.com/company/talent-insights
805,intelia,https://www.linkedin.com/company/intelia_agility
807,Santos Ltd,https://www.linkedin.com/company/santos-ltd
808,TheDriveGroup.,https://www.linkedin.com/company/thedrivegroup
813,eJAmerica,https://www.linkedin.com/company/ejamerica
1340,Altered State Machine,https://www.linkedin.com/company/altered-state-machine
1346,Workfully,https://www.linkedin.com/company/workfully
1347,Fingerprint for Success (F4S),https://www.linkedin.com/company/fingerprint-for-success
1348,Rokt,https://www.linkedin.com/company/rokt
1352,aramco,https://www.linkedin.com/company/aramco
1355,Finder,https://www.linkedin.com/company/finder
1356,Easygo,https://www.linkedin.com/company/easygo-au
1357,Mutinex,https://www.linkedin.com/company/mutinex
1358,Ofload,https://www.linkedin.com/company/ofload
1359,GumGum,https://www.linkedin.com/company/gumgum
1362,HERE Technologies,https://www.linkedin.com/company/here
1363,AE Studio,https://www.linkedin.com/company/agency-enterprise-studio
1365,Milestone IT (Milestone Information Technology),https://www.linkedin.com/company/milestoneit
1368,Employment Hero,https://www.linkedin.com/company/employment-hero
1370,Commonwealth Bank,https://www.linkedin.com/company/commonwealthbank
1371,Victorian Managed Insurance Authority,https://www.linkedin.com/company/victorian-managed-insurance-authority
1372,OnDeck Australia,https://www.linkedin.com/company/ondeck-australia
1373,AIM,https://www.linkedin.com/company/aim-defence
1374,Cloudflare,https://www.linkedin.com/company/cloudflare
1379,Amazon,https://www.linkedin.com/company/amazon
1380,The Onset,https://www.linkedin.com/company/onset-group
1383,OESON,https://www.linkedin.com/company/oeson
1385,Anduril Industries,https://www.linkedin.com/company/andurilindustries
1387,TTRO,https://www.linkedin.com/company/the-training-room-online
1388,CPB Contractors,https://www.linkedin.com/company/cpb-contractors
1389,FIRESOFT People,https://www.linkedin.com/company/firesoft-people
1391,Technology People Group,https://www.linkedin.com/company/technology-people-group-pty-ltd
1406,Wesfarmers OneDigital,https://www.linkedin.com/company/wesfarmers-onedigital
1410,Australia Wide Engineering Recruitment,https://www.linkedin.com/company/australia-wide-personnel
1414,CoinMarketCap,https://www.linkedin.com/company/coinmarketcap
1465,ZSoft Technologies Pty Ltd,https://www.linkedin.com/company/zsoft-technologies-pty-ltd
1467,Canva,https://www.linkedin.com/company/canva
1469,ROC Consulting Group Pty Ltd,https://www.linkedin.com/company/roc-consulting-group-pty-ltd
1471,"Susquehanna International Group, LLP (SIG)",https://www.linkedin.com/company/susquehanna-international-group-llp-sig
1472,TPG Telecom,https://www.linkedin.com/company/tpg-telecom
1477,Aurecon,https://www.linkedin.com/company/aurecon
1479,Civica,https://www.linkedin.com/company/civica
1480,Tencent,https://www.linkedin.com/company/tencentglobal
1482,Dolby Laboratories,https://www.linkedin.com/company/dolby-laboratories
1483,Advanced Navigation,https://www.linkedin.com/company/advanced-navigation
1486,Forrester,https://www.linkedin.com/company/forrester-research
1490,Cobblestone Energy,https://www.linkedin.com/company/cobblestone-energy
1491,Allianz Australia,https://www.linkedin.com/company/allianz-australia-limited
1494,Airtasker,https://www.linkedin.com/company/airtasker
1496,Cengage Group,https://www.linkedin.com/company/cengage-learning
1497,Strong Compute,https://www.linkedin.com/company/strongcompute
1499,The Creative Store Australia,https://www.linkedin.com/company/the-creative-store-australia
1501,AECOM,https://www.linkedin.com/company/aecom
1503,No Moss Co,https://www.linkedin.com/company/nomoss
1504,Macquarie University,https://www.linkedin.com/company/macquarie-university
1505,Optiver,https://www.linkedin.com/company/optiver
1506,JD Ross Energy,https://www.linkedin.com/company/jdr-energy
1511,nbn® Australia,https://www.linkedin.com/company/nbn-co-limited
1513,eTeam,https://www.linkedin.com/company/eteam
1526,Resources Group,https://www.linkedin.com/company/resources-group
1686,MyDeal,https://www.linkedin.com/company/mydeal.com.au
1992,Australian Retirement Trust,https://www.linkedin.com/company/australian-retirement-trust
1993,Bondi Sands,https://www.linkedin.com/company/bondi-sands
1997,Sydney Swans,https://www.linkedin.com/company/sydney-swans
1999,Nine,https://www.linkedin.com/company/nine-entertainment-co.
2002,Peoplebank,https://www.linkedin.com/company/peoplebank
2011,City of Armadale,https://www.linkedin.com/company/city-of-armadale
2012,MAYDAY Recruitment Group,https://www.linkedin.com/company/mayday-recruitment
2014,A-Leagues,https://www.linkedin.com/company/aleagues
2016,Eden Ritchie Recruitment,https://www.linkedin.com/company/eden-ritchie-recruitment
2019,Protecht,https://www.linkedin.com/company/protechtgroup
2022,Otic Group,https://www.linkedin.com/company/otic-group
2026,Kmart Australia Limited,https://www.linkedin.com/company/kmart-australia-limited
2029,L'Oréal,https://www.linkedin.com/company/lor%C3%A9al
2031,460degrees,https://www.linkedin.com/company/460degrees
2033,Catch,https://www.linkedin.com/company/catch.com.au
2043,ubank,https://www.linkedin.com/company/ubank-au
2044,Steadfast Group Limited,https://www.linkedin.com/company/steadfast-group-limited
2048,Centelon Solutions,https://www.linkedin.com/company/centelon-ltd
2054,Bonza,https://www.linkedin.com/company/flybonza
2056,Servian,https://www.linkedin.com/company/servian
2058,Nestlé Nespresso SA,https://www.linkedin.com/company/nestl-nespresso
2060,Deloitte,https://www.linkedin.com/company/deloitte
2061,HCLTech,https://www.linkedin.com/company/hcltech
2062,Aquent,https://www.linkedin.com/company/aquent
2073,The Tecsa Group,https://www.linkedin.com/company/the-tecsa-group
2080,Renaissance InfoSystems,https://www.linkedin.com/company/renaissance-infosystems
2081,Uber,https://www.linkedin.com/company/uber-com
2082,Cash App,https://www.linkedin.com/company/cash-app
2083,KPMG Australia,https://www.linkedin.com/company/kpmg-australia
2086,Niche 212,https://www.linkedin.com/company/niche-212
2176,Tek Tron IT,https://www.linkedin.com/company/tek-tron-it
2307,ManpowerGroup Solutions,https://www.linkedin.com/company/manpowergroup-solutions
2309,INX Software,https://www.linkedin.com/company/inx-software
2311,The Data School Down Under,https://www.linkedin.com/company/the-data-school-down-under
2313,Altis Consulting,https://www.linkedin.com/company/altis-consulting
2316,303 MullenLowe,https://www.linkedin.com/company/303mullenlowe
2318,Downer Professional Services,https://www.linkedin.com/company/downerprofessionalservices
2320,AC3,https://www.linkedin.com/company/ac3
2331,Sydney Water,https://www.linkedin.com/company/sydney-water
2378,Billigence,https://www.linkedin.com/company/billigence
2379,Online Education Services (OES),https://www.linkedin.com/company/online-education-services
2380,Reo Group,https://www.linkedin.com/company/reo-group-au
2604,Talenza,https://www.linkedin.com/company/talenza
2613,4C Strategies,https://www.linkedin.com/company/4c-strategies
2616,Cognizant,https://www.linkedin.com/company/cognizant
2618,IQVIA,https://www.linkedin.com/company/iqvia
2622,Cheil Australia,https://www.linkedin.com/company/cheil-australia
2632,Square,https://www.linkedin.com/company/joinsquare
2640,Afterpay,https://www.linkedin.com/company/afterpay-com-au
2644,BlockchainStaffingNinja,https://www.linkedin.com/company/blockchainstaffingninja
2676,Labrys,https://www.linkedin.com/company/labrys-io
2677,Virgo.co,https://www.linkedin.com/company/virgoco
3279,Swoop Aero,https://www.linkedin.com/company/swoop-aero
3280,TRESP Recruitment - Medtech and Healthtech Experts,https://www.linkedin.com/company/tresprecruitment
3281,"JELD-WEN, Inc.",https://www.linkedin.com/company/jeld-wen
3282,Rhino-Rack,https://www.linkedin.com/company/rhino-rack
3284,PROK,https://www.linkedin.com/company/prok-conveyor-components-pty-ltd
3285,SunGreenH2,https://www.linkedin.com/company/sungreenh2
3286,OneMD,https://www.linkedin.com/company/onemd
3287,Verve Partners,https://www.linkedin.com/company/verve-partners
3288,ResusRight,https://www.linkedin.com/company/resusright
3289,ChromeGuard,https://www.linkedin.com/company/chromeguard
3291,DRA Global,https://www.linkedin.com/company/dra-global
3294,Next Day Recruitment,https://www.linkedin.com/company/next-day-recruitment
3295,City of Melbourne,https://www.linkedin.com/company/city-of-melbourne
3296,Applied EV - Software Defined Machines™,https://www.linkedin.com/company/applied-ev
3297,Headland Technology,https://www.linkedin.com/company/headland-technology
3298,Atlas Recruitment,https://www.linkedin.com/company/atlas-migration-experts-recruitment
3300,Proactive Technical Recruitment,https://www.linkedin.com/company/proactive-technical-recruitment
3301,Seeley International Pty Ltd,https://www.linkedin.com/company/seeley-international-pty-ltd
3305,Carnegie Clean Energy,https://www.linkedin.com/company/carnegie-wave-energy
3308,Brand Collective,https://www.linkedin.com/company/brand-collective-pty-ltd
3309,Agilent Technologies,https://www.linkedin.com/company/agilent-technologies
3311,Found People,https://www.linkedin.com/company/found-people
3312,Trelleborg Marine & Infrastructure,https://www.linkedin.com/company/trelleborg-marine-and-infrastructure
3315,Epiroc,https://www.linkedin.com/company/epiroc
3316,Michael Page,https://www.linkedin.com/company/michael-page
3317,RMIT University,https://www.linkedin.com/company/rmit-university
3320,Kinexus Australia,https://www.linkedin.com/company/kinexus-australia
3322,C Shade Dental Technology,https://www.linkedin.com/company/c-shade-dental-technology
3323,Rio Tinto,https://www.linkedin.com/company/rio-tinto
3324,Strand Personnel Pty Ltd,
3325,Formlabs,https://www.linkedin.com/company/formlabs
3328,GHD,https://www.linkedin.com/company/ghd
3329,37Talent.,https://www.linkedin.com/company/37talent
3330,Razorfish ANZ,https://www.linkedin.com/company/razorfishanz
3331,AddWorth,https://www.linkedin.com/company/addworth
3332,iion,https://www.linkedin.com/company/iion-global
3333,Teads,https://www.linkedin.com/company/teads
3334,Preacta,https://www.linkedin.com/company/preactarecruitment
3335,White Bay,https://www.linkedin.com/company/whitebay
3336,CitrusAd,https://www.linkedin.com/company/citrusad
3337,DigitXL,https://www.linkedin.com/company/digitxl
3338,Credera APAC,https://www.linkedin.com/company/credera-apac
3339,Epsilon,https://www.linkedin.com/company/epsilon
3341,MAARS,https://www.linkedin.com/company/maars
3343,The Global Disinformation Index,https://www.linkedin.com/company/the-global-disinformation-index
3344,Paramount Australia & New Zealand,https://www.linkedin.com/company/paramountanz
3345,LiveRamp,https://www.linkedin.com/company/liveramp
3349,Shuttlerock,https://www.linkedin.com/company/shuttlerock
3350,IDC,https://www.linkedin.com/company/idc
3351,GroupM,https://www.linkedin.com/company/groupmworldwide
3352,Macquarie Group,https://www.linkedin.com/company/macquariegroup
3353,Sahaj Software,https://www.linkedin.com/company/sahajsoftware
3354,TRKKN,https://www.linkedin.com/company/trkkn
3365,The Trade Desk,https://www.linkedin.com/company/the-trade-desk
3366,Media.Monks,https://www.linkedin.com/company/mediamonks
3367,Playground xyz,https://www.linkedin.com/company/playground-xyz
3372,Frameplay,https://www.linkedin.com/company/frameplaycorp
3374,Criteo,https://www.linkedin.com/company/criteo
3376,Emesent,https://www.linkedin.com/company/emesent
3379,Underwood Executive,https://www.linkedin.com/company/underwood-executive
3384,Restive Tech,https://www.linkedin.com/company/restivetech
3385,franklin.ai,https://www.linkedin.com/company/franklinai
3387,Tata Consultancy Services,https://www.linkedin.com/company/tata-consultancy-services
3388,Sandstone Technology,https://www.linkedin.com/company/sandstone-technology
3391,IBM,https://www.linkedin.com/company/ibm
3392,Optus,https://www.linkedin.com/company/optus
3393,Treasury Wine Estates,https://www.linkedin.com/company/treasury-wine-estates
3395,Clarius Mobile Health,https://www.linkedin.com/company/clarius-mobile-heath-corp-
3397,Bain & Company,https://www.linkedin.com/company/bain-and-company
3398,Qcells North America,https://www.linkedin.com/company/qcells-northamerica
3399,Neara,https://www.linkedin.com/company/neara
3402,Tech Savvy Consulting (TSC),https://www.linkedin.com/company/techsavvyconsulting
3405,DEWC Services,https://www.linkedin.com/company/dewc
3413,"QuantumBlack, AI by McKinsey",https://www.linkedin.com/company/quantumblack
3418,SustainDigital Recruitment,https://www.linkedin.com/company/sustaindigital
3444,Coates Group,https://www.linkedin.com/company/coatesgroup
3500,Carlton & United Breweries,https://www.linkedin.com/company/carlton-united-breweries
3511,Google,https://www.linkedin.com/company/google
3513,Robert Walters,https://www.linkedin.com/company/robert-walters
3517,TeamViewer,https://www.linkedin.com/company/teamviewer
3523,Cure Recruitment,https://www.linkedin.com/company/cure-recruitment
3524,Exco Partners,https://www.linkedin.com/company/excopartners
3556,esuite,https://www.linkedin.com/company/esuitetalent
3573,Lishui University,https://www.linkedin.com/company/%E4%B8%BD%E6%B0%B4%E5%AD%A6%E9%99%A2
4070,RemoteTechJobs,https://www.linkedin.com/company/remote-tech-jobs
4073,Wood,https://www.linkedin.com/company/woodplc
4276,Habitat Energy,https://www.linkedin.com/company/habitat_energy
4279,Coolabah Capital Investments,https://www.linkedin.com/company/coolabah-capital-investments
4298,Solon Management Consulting,https://www.linkedin.com/company/solon-management-consulting
4299,Bankwest,https://www.linkedin.com/company/bankwest
4654,NewyTechPeople,https://www.linkedin.com/company/newytechpeople
4656,Storm5,https://www.linkedin.com/company/storm5
4667,Crew Talent Advisory,https://www.linkedin.com/company/crew-talent-advisory
4675,HTC VIVE,https://www.linkedin.com/company/htcvive
4676,Miroma Project Factory,https://www.linkedin.com/company/miromaprojectfactory
4677,Beca,https://www.linkedin.com/company/beca
4679,Immersia,https://www.linkedin.com/company/immersiavr
4681,"HTC AMERICA INNOVATION, INC.",https://www.linkedin.com/company/htc-america-innovation-inc.
4682,GIRRAPHIC,https://www.linkedin.com/company/girraphic
4683,AFL - Australian Football League,https://www.linkedin.com/company/australian-football-league
4685,The Travel Corporation,https://www.linkedin.com/company/the-travel-corporation
4689,Rokid Corporation Ltd,https://www.linkedin.com/company/rokid-inc
4691,Arc Infrastructure,https://www.linkedin.com/company/arc-infrastructure
4692,Built.,https://www.linkedin.com/company/built-pty-ltd
4694,Unisys,https://www.linkedin.com/company/unisys
4695,Rotor Studios,https://www.linkedin.com/company/rotor-studios
4700,Luxury Careers Pte Ltd,https://www.linkedin.com/company/luxury-careers
4702,The Acquire Group,https://www.linkedin.com/company/acquire-knowledge
4708,Bentley Recruitment,https://www.linkedin.com/company/bentley-recruitment
4709,Embedded Search,https://www.linkedin.com/company/embedded-search-&-selection
4710,people2people,https://www.linkedin.com/company/people2people
4711,Blackbook Recruitment,https://www.linkedin.com/company/blackbook-recruitment
4712,Page Personnel,https://www.linkedin.com/company/pagepersonnel
4713,Gough Recruitment,https://www.linkedin.com/company/gough-recruitment
4714,Snap Inc.,https://www.linkedin.com/company/snap-inc-co
4716,Zoom Recruitment,https://www.linkedin.com/company/zoom-recruitment
4718,Denovo Recruitment,https://www.linkedin.com/company/denovoconstructrecruitment
4720,Dynamix Accountancy Recruitment,https://www.linkedin.com/company/dynamix-accountancy-recruitment
4722,Amarcon Group,https://www.linkedin.com/company/amarcongroup
4723,AUTOrecruit,https://www.linkedin.com/company/autorecruit-pty-ltd
4724,Stratco Australia,https://www.linkedin.com/company/stratco-australia
4729,Concentrix Catalyst,https://www.linkedin.com/company/concentrix-catalyst
4732,TEKsystems,https://www.linkedin.com/company/teksystems
4734,Accedo.tv,https://www.linkedin.com/company/accedo-tv
4737,Arq Group,https://www.linkedin.com/company/arqgroup
4738,Transport for NSW,https://www.linkedin.com/company/transport-for-nsw
4739,Lumination,https://www.linkedin.com/company/lumination-tech
4740,Unity,https://www.linkedin.com/company/unity
4744,Accenture Australia,https://www.linkedin.com/company/accentureaustralia
4745,Capital XR,https://www.linkedin.com/company/capitalxr
4746,Lenovo,https://www.linkedin.com/company/lenovo
4747,Deakin University,https://www.linkedin.com/company/deakin-university
4749,Scandit,https://www.linkedin.com/company/scandit
4788,Metz Group,https://www.linkedin.com/company/metzau
4790,MBMpl Pty Ltd,https://www.linkedin.com/company/mbmpl-pty-ltd
4793,NMG Consulting,https://www.linkedin.com/company/nmg-consulting
4795,Allan Hall Human Resource Services | Sydney's Northern Beaches,https://www.linkedin.com/company/allan-hall-human-resource-services
4796,Confeta PTY LTD,https://www.linkedin.com/company/confeta-pty-ltd
4798,West HQ,https://www.linkedin.com/company/westhq
4799,Davies Stewart,https://www.linkedin.com/company/daviesstewart
4809,Toptal,https://www.linkedin.com/company/toptal
4811,ABB,https://www.linkedin.com/company/abb
4818,PepsiCo,https://www.linkedin.com/company/pepsico
4876,DNEG,https://www.linkedin.com/company/dnegvfx
4877,efm Logistics,https://www.linkedin.com/company/efm-logistics
4886,FutureYou,https://www.linkedin.com/company/futureyou-executive-recruitment
4901,Spandex Asia Pacific,https://www.linkedin.com/company/spandex-asia-pacific
4905,TEG Pty Ltd,https://www.linkedin.com/company/teg-pty-ltd
4906,Koch Industries,https://www.linkedin.com/company/kochindustries
4909,Red Earth,https://www.linkedin.com/company/redearthorg
4911,gpac,https://www.linkedin.com/company/gogpac
4912,Talent,https://www.linkedin.com/company/talent-international
4913,Sharp & Carter,https://www.linkedin.com/company/sharp-&-carter
4915,PeopleStart - Human Resources,https://www.linkedin.com/company/people-start
4918,Perigon Group,https://www.linkedin.com/company/perigon-group
4921,Creative Cruising,https://www.linkedin.com/company/creative-cruising
4923,Cashrewards,https://www.linkedin.com/company/cashrewards
5326,Voxelmaps,https://www.linkedin.com/company/voxelmaps
5327,terra15,https://www.linkedin.com/company/terra15
5330,RECRUIT AUSTRALIA,https://www.linkedin.com/company/recruitaustralia
5334,Baraja,https://www.linkedin.com/company/baraja-inc
5336,The Metropolitan Museum of Art,https://www.linkedin.com/company/the-metropolitan-museum-of-art
5339,Ghost Autonomy,https://www.linkedin.com/company/ghostautonomy
5340,Telstra,https://www.linkedin.com/company/telstra
5344,Fleet Space Technologies,https://www.linkedin.com/company/fleet-space-technologies
5346,WorkPac,https://www.linkedin.com/company/workpac
5347,Landis+Gyr,https://www.linkedin.com/company/landis
5350,Hexagon Mining,https://www.linkedin.com/company/hexagon-mining
5351,Minelab Metal Detectors,https://www.linkedin.com/company/minelab
5352,Cortex Technologies PTY LTD,https://www.linkedin.com/company/cortexbraintech
5353,EGS Survey Pty Ltd (EGS Australia),https://www.linkedin.com/company/egs-survey-australia
5354,ScaleUp,https://www.linkedin.com/company/scaleupmarketing
5356,ScaleUp Recruitment,https://www.linkedin.com/company/scaleuprecruitment
5357,Central Cleaning Supplies (Aust) Pty Ltd,https://www.linkedin.com/company/central-cleaning-supplies-aust-pty-ltd
5358,Q-CTRL,https://www.linkedin.com/company/q-ctrl
5360,"Johnson Venture Management Solutions, Inc. (JVM Solutions)",https://www.linkedin.com/company/jvmsolutions
5363,University of Adelaide,https://www.linkedin.com/company/uniofadelaide
5364,Hyre.,https://www.linkedin.com/company/hyre.
5367,QinetiQ Australia,https://www.linkedin.com/company/qinetiq-australia
5399,RunTime - We Get You!,https://www.linkedin.com/company/runtime-recruitment
5952,TOMRA,https://www.linkedin.com/company/tomra
5957,Everledger,https://www.linkedin.com/company/everledger
5961,Service Stream,https://www.linkedin.com/company/service-stream
5971,Hexagon's Autonomy & Positioning division,https://www.linkedin.com/company/hexagonap
5972,DXC Technology,https://www.linkedin.com/company/dxctechnology
5975,"SafeAI, Inc.",https://www.linkedin.com/company/safeai
5977,Ethernovia,https://www.linkedin.com/company/ethernovia
5978,Mas National,https://www.linkedin.com/company/mas-national
5980,The Australian National University,https://www.linkedin.com/company/australian-national-university
5981,simPRO Software,https://www.linkedin.com/company/simpro-software
5982,Plantation Homes,https://www.linkedin.com/company/plantation-homes-qld
5983,HM.CLAUSE,https://www.linkedin.com/company/hmclause
5984,AG Workforce,https://www.linkedin.com/company/ag-workforce
5986,CARS24 Australia,https://www.linkedin.com/company/cars24australia
5987,Essential HR,https://www.linkedin.com/company/essential-human-resources
5988,Intro Recruitment Solutions,https://www.linkedin.com/company/intro-recruitment-solutions
5990,Nobul Recruitment,https://www.linkedin.com/company/nobul-recruitment
5991,Kirinari Community Services,https://www.linkedin.com/company/kirinari-community-services
5992,The Recruitment Alternative,https://www.linkedin.com/company/the-recruitment-alternative
5994,Ready Resources,https://www.linkedin.com/company/readyresources
5997,Engineering Networks,https://www.linkedin.com/company/engnetworks
5998,CP Personnel,https://www.linkedin.com/company/cppersonnel
6001,Richard Jay,https://www.linkedin.com/company/richard-jay-laundry-equipment
6002,Jaybro,https://www.linkedin.com/company/jaybro-civil-&-safety-products
6020,Brownes Dairy,https://www.linkedin.com/company/brownes-dairy
6023,3Two1 Drinks,https://www.linkedin.com/company/3two1-drinks
6025,Veolia Australia and New Zealand,https://www.linkedin.com/company/veolia-environment-australia
6026,StreetFleet,https://www.linkedin.com/company/street-fleet-pty-ltd
6035,Fields Auto Division,https://www.linkedin.com/company/fields-auto-division
6131,University of South Australia,https://www.linkedin.com/company/university-of-south-australia
6134,Position Partners,https://www.linkedin.com/company/position-partners
6137,Sika,https://www.linkedin.com/company/sika
6139,Next Level Personnel Pty Ltd,https://www.linkedin.com/company/next-level-personnel
6148,Equinix Asia-Pacific,https://www.linkedin.com/company/equinixap
6149,JamesValé Recruitment,https://www.linkedin.com/company/jamesval%C3%A9-recruitment
6625,Toyota Motor Corporation Australia,https://www.linkedin.com/company/toyota-motor-corporation-australia
6626,Hertz,https://www.linkedin.com/company/hertz
6627,DHL Global Forwarding,https://www.linkedin.com/company/dhl-global-forwarding
6628,Europcar,https://www.linkedin.com/company/europcar
6629,Turo,https://www.linkedin.com/company/turo
6630,Melbourne Airport,https://www.linkedin.com/company/melbourne-airport
6631,Peninsula Sports Car Services,https://www.linkedin.com/company/peninsula-sports-car-services
6634,Vela Asia Pacific,https://www.linkedin.com/company/vela-australia
6635,Murray River Trails,https://www.linkedin.com/company/murray-river-trails
6636,Independent Living Specialists,https://www.linkedin.com/company/independent-living-specialists
6639,Heathgate Resources,https://www.linkedin.com/company/heathgate-resources-pty-ltd
6641,Southern Cross,https://www.linkedin.com/company/southern-cross-personnel
6643,Northrop Grumman,https://www.linkedin.com/company/northrop-grumman-corporation
6644,Magnet Ltd,https://www.linkedin.com/company/magnet-ltd
6645,Pernod Ricard Winemakers,https://www.linkedin.com/company/pernod-ricard-winemaker
6647,Piper Talent,https://www.linkedin.com/company/pipertalent
6648,Freelancing Gems,https://www.linkedin.com/company/freelancinggems
6649,Launceston Airport,https://www.linkedin.com/company/australia-pacific-airports-launceston
6652,MoneyMob Talkabout Limited,https://www.linkedin.com/company/moneymob
6653,QBE Insurance,https://www.linkedin.com/company/qbe
6654,APM,https://www.linkedin.com/company/apmservices
6655,Cleanaway Waste Management,https://www.linkedin.com/company/cleanawayau
6658,Healthscope,https://www.linkedin.com/company/healthscope
6659,Key Property People,https://www.linkedin.com/company/key-property-people
6660,Metro Hail,https://www.linkedin.com/company/metro-hail
6665,Box Hill Institute,https://www.linkedin.com/company/box-hill-institute
6670,Hatch,https://www.linkedin.com/company/hatch-team
6672,GE HealthCare,https://www.linkedin.com/company/gehealthcare
6690,Azets,https://www.linkedin.com/company/tait-walker
6875,BlueScope,https://www.linkedin.com/company/bluescope-steel
6879,Wipro,https://www.linkedin.com/company/wipro
6882,DigiRen,https://www.linkedin.com/company/digiren
6885,Centorrino Technologies,https://www.linkedin.com/company/centorrino-technologies
6893,iVEGA Consulting,https://www.linkedin.com/company/ivega-consulting
6899,Cue Clothing Co.,https://www.linkedin.com/company/cue-clothing-co-
6900,Oracle,https://www.linkedin.com/company/oracle
6903,Morgans Financial Limited,https://www.linkedin.com/company/morgans-financial-limited
6910,Deskpro,https://www.linkedin.com/company/deskpro
6923,JourneyOne,https://www.linkedin.com/company/journey-one
6944,MongoDB,https://www.linkedin.com/company/mongodbinc
6949,Ultradata,https://www.linkedin.com/company/ultradata
6987,Greater Bank,https://www.linkedin.com/company/greater-bank
6999,Bayside Group,https://www.linkedin.com/company/bayside-group
7005,Respect,https://www.linkedin.com/company/respect-agedcare
7012,Winc Australia,https://www.linkedin.com/company/winc-australia
7017,Hexaware Technologies,https://www.linkedin.com/company/hexaware-technologies
7022,Atticus,https://www.linkedin.com/company/atticustech
7023,Parallo,https://www.linkedin.com/company/parallo
7024,Grand Pacific CRO,https://www.linkedin.com/company/gp-cro
7035,Recruitment Sorted Pty Ltd,https://www.linkedin.com/company/recuitmentsorted
7036,Softtest Pays,https://www.linkedin.com/company/softtest-pays
7037,Qwirk,https://www.linkedin.com/company/qwirk
7047,Careers at Council,https://www.linkedin.com/company/careers-at-council-local-government
7209,ClickView,https://www.linkedin.com/company/clickview
7400,Divy,https://www.linkedin.com/company/divy
7402,OUI Recruitment 🚀,https://www.linkedin.com/company/oui-recruitment
7404,Canberra Consulting,https://www.linkedin.com/company/canberra-consulting
7409,Grow Talent,https://www.linkedin.com/company/grow-talent-au
7411,Scale & Swing,https://www.linkedin.com/company/startup-recruitexecutivesearch
7413,blueAPACHE,https://www.linkedin.com/company/blueapache
7414,illion,https://www.linkedin.com/company/illion
7417,Mantalus,https://www.linkedin.com/company/mantalus
7421,XAM Consulting,https://www.linkedin.com/company/xam-limited
7423,Clarrow,https://www.linkedin.com/company/clarrowrecruitment
7424,Queensland Police Service,https://www.linkedin.com/company/queensland-police-service
7568,Binance,https://www.linkedin.com/company/binance
8185,Pinpoint Talent,https://www.linkedin.com/company/pinpoint-talent
8186,Collabera Digital,https://www.linkedin.com/company/collabera-digital
8187,Derivco Australia,https://www.linkedin.com/company/derivco-australia
8191,LGT Crestone Wealth Management Limited,https://www.linkedin.com/company/lgt-crestone-wealth-management
8192,Virgin Australia,https://www.linkedin.com/company/virgin-australia
8193,BLACKROC™ Group,https://www.linkedin.com/company/blackroc
8198,Kapital Consulting - Fintech Recruitment & Executive Search,https://www.linkedin.com/company/kapital-consulting
8199,face2face Recruitment,https://www.linkedin.com/company/face2face-recruitment
8201,NTT Global Data Centers,https://www.linkedin.com/company/ntt-global-data-centers
8202,Decipher Bureau,https://www.linkedin.com/company/the-decipher-bureau
8204,Verizon,https://www.linkedin.com/company/verizon
8206,TalentWeb,https://www.linkedin.com/company/talent-web-au
8209,Green Light Worldwide,https://www.linkedin.com/company/green-light-worldwide
8211,Macquarie Telecom Group,https://www.linkedin.com/company/macquarie-telecom
8212,Mastercard,https://www.linkedin.com/company/mastercard
8213,Bridge IT Engineering,https://www.linkedin.com/company/bridge-it-engineering
8216,Open Door Recruitment and Development,https://www.linkedin.com/company/open-door-recruitment-and-development
8219,Tenable,https://www.linkedin.com/company/tenableinc
8220,Australian Financial Complaints Authority,https://www.linkedin.com/company/australian-financial-complaints-authority
8222,ABN AMRO Clearing Bank,https://www.linkedin.com/company/abn-amro-clearing-bank-n-v-
8223,CyberCX,https://www.linkedin.com/company/cyber-cx
8224,Shoolin Consultancy Pty Ltd.,https://www.linkedin.com/company/shoolin-consultancy
8825,Parfums Christian Dior,https://www.linkedin.com/company/parfums-christian-dior
8826,White Fox Boutique,https://www.linkedin.com/company/white-fox-boutique
8827,Aspirante,https://www.linkedin.com/company/aspirante-pty-ltd
8829,Hanes Brands Australasia,https://www.linkedin.com/company/hanesbrandsaustralasia
8830,Fashionata,https://www.linkedin.com/company/fashionata
8831,Who in the Zoo,https://www.linkedin.com/company/who-in-the-zoo
8832,TK Maxx Australia,https://www.linkedin.com/company/tjx-australia
8833,City Beach Australia,https://www.linkedin.com/company/city-beach-australia
8834,Matchbox (Australia),https://www.linkedin.com/company/matchbox-australia-
8835,PVH Brands Australia,https://www.linkedin.com/company/pvh-brands-australia
8836,CHANEL,https://www.linkedin.com/company/chanel
8838,by charlotte,https://www.linkedin.com/company/by-charlotte
8839,Koala,https://www.linkedin.com/company/koala-aussie-furniture
8840,BABYBOO FASHION,https://www.linkedin.com/company/babyboo-fashion
8841,Ally Fashion,https://www.linkedin.com/company/ally-fashion
8842,Adairs Retail Group,https://www.linkedin.com/company/adairs-retail-group
8843,City Chic Collective Limited,https://www.linkedin.com/company/city-chic-collective
8844,Sony Australia & New Zealand,https://www.linkedin.com/company/sonyaustralianewzeland
8845,Early Settler,https://www.linkedin.com/company/earlysettler
8849,Nimble Activewear,https://www.linkedin.com/company/nimble-activewear
8851,Quad Lock,https://www.linkedin.com/company/quadlock
8853,St Frock,https://www.linkedin.com/company/st-frock
8854,Skechers Australia/New Zealand,https://www.linkedin.com/company/skechers-australia-new-zealand
8855,Feathers Boutique,https://www.linkedin.com/company/feathers-boutique
8856,MON,https://www.linkedin.com/company/mon-purse
8859,adidas,https://www.linkedin.com/company/adidas
8861,WeAreDigital.,https://www.linkedin.com/company/wearedigital
8862,KIVARI,https://www.linkedin.com/company/kivari
8864,TSHR,https://www.linkedin.com/company/trakandscarlettrecruitment
8865,UNRiVALLED Agency,https://www.linkedin.com/company/unrivalled
8866,Randstad Sourceright,https://www.linkedin.com/company/randstad-sourceright
8867,SilkFred.com,https://www.linkedin.com/company/silkfred-com
8868,Lloyd Connect,https://www.linkedin.com/company/lloyd-connect
8869,Spin Personnel,https://www.linkedin.com/company/spin-personnel
8870,Zimmermann,https://www.linkedin.com/company/zimmermann-wear-pty-ltd
8871,MESHKI,https://www.linkedin.com/company/meshki
8872,Every Bite Counts (Home of Little Bellies),https://www.linkedin.com/company/every-bite-counts
8898,H&M,https://www.linkedin.com/company/h&m
8900,BlueRock,https://www.linkedin.com/company/thebluerock
8904,Robert Half Executive Search,https://www.linkedin.com/company/robert-half-executive-search
8905,Bolloré Logistics,https://www.linkedin.com/company/bollore-logistics
8906,Honey Birdette,https://www.linkedin.com/company/honey-birdette
8908,Modibodi,https://www.linkedin.com/company/modibodi
8909,Tryzens,https://www.linkedin.com/company/tryzens
8911,Glasshouse Fragrances,https://www.linkedin.com/company/glasshouse-fragrance-group
8912,Faithfull the Brand Pty Ltd,https://www.linkedin.com/company/faithfullthebrand
8913,Hospitality Jobs Australia,https://www.linkedin.com/company/hospitality-jobs-australia
8914,Duo Tax,https://www.linkedin.com/company/duo-tax-quantity-surveyors
8915,BISSELL,https://www.linkedin.com/company/bissell-international-trading-company-b.v.
8918,Signal Brands Australia,https://www.linkedin.com/company/signalbrandsaustralia
8921,Hunt & Co.,https://www.linkedin.com/company/huntandco
8924,The Kraft Heinz Company,https://www.linkedin.com/company/the-kraft-heinz-company
8973,Beyond Tools,https://www.linkedin.com/company/beyond-tools
9155,Dimple,https://www.linkedin.com/company/dimple-optics
9184,Stopgap Australia,https://www.linkedin.com/company/stopgapaustralia
9186,Atheva,https://www.linkedin.com/company/atheva-services
9187,Snooze,https://www.linkedin.com/company/snooze-management-pty-ltd
9189,Oscar Wylee,https://www.linkedin.com/company/oscar-wylee-eyewear
9192,iL Tutto,https://www.linkedin.com/company/iltutto
9193,Nick Scali Limited,https://www.linkedin.com/company/nick-scali-furniture
9199,Recruita,https://www.linkedin.com/company/recruita2022
9375,Jurlique,https://www.linkedin.com/company/jurlique
9381,Four Fashion Australia,https://www.linkedin.com/company/battlefield-fashion-house
9389,Code Camp,https://www.linkedin.com/company/code-camp
9398,the LEGO Group,https://www.linkedin.com/company/lego-group
9399,The BelRose Group,https://www.linkedin.com/company/the-belrose-group
9475,Keypath Education,https://www.linkedin.com/company/keypath-education
9479,Foundr,https://www.linkedin.com/company/foundr
9480,Education Horizons,https://www.linkedin.com/company/education-horizons
9481,Scanning Pens,https://www.linkedin.com/company/scanningpens
9483,Matific,https://www.linkedin.com/company/slate-science
9491,Crimson Education,https://www.linkedin.com/company/crimsoneducation
9493,Jenkin Beattie Pty Ltd,https://www.linkedin.com/company/jenkin-beattie
9497,LCI Group,https://www.linkedin.com/company/lcig
9498,Learnlight,https://www.linkedin.com/company/learnlight
9499,Classe365,https://www.linkedin.com/company/classe365
9502,Edward Mann,https://www.linkedin.com/company/edward-mann-group
9503,3P Learning,https://www.linkedin.com/company/3p-learning
9504,IXL Learning,https://www.linkedin.com/company/ixl-learning
9507,Cluey Learning,https://www.linkedin.com/company/cluey-learning
9509,Amplify Music Education,https://www.linkedin.com/company/amplifymusiceducation
9510,Antler,https://www.linkedin.com/company/antlerglobal
9512,Vivi,https://www.linkedin.com/company/vivieducation
9519,Recruitmore | Recruitment without the BS.,https://www.linkedin.com/company/recruitmore
9521,PieceX,https://www.linkedin.com/company/piecex
9678,Crossover,https://www.linkedin.com/company/crossover
9684,E2,https://www.linkedin.com/company/e2language
9689,ReadyTech,https://www.linkedin.com/company/readytechau
10032,Elumina,https://www.linkedin.com/company/eluminaelearning
10125,Alfred Health,https://www.linkedin.com/company/alfred-hospital
10126,ResMed,https://www.linkedin.com/company/resmed
10128,Customer Science Group,https://www.linkedin.com/company/customer-science-australia
10129,Curio,https://www.linkedin.com/company/curio-group-global
10131,Planet Innovation,https://www.linkedin.com/company/planet-innovation-pty-ltd
10132,Queensland Health,https://www.linkedin.com/company/queensland-health
10133,Victorian Government,https://www.linkedin.com/company/victoria-government
10138,Metro South Health,https://www.linkedin.com/company/metro-south-hospital-and-health-service
10139,Australian Digital Health Agency,https://www.linkedin.com/company/australian-digital-health-agency
10146,Discovered People,https://www.linkedin.com/company/discoveredpeople
10152,Telethon Kids Institute,https://www.linkedin.com/company/telethon-institute-for-child-health-research
10157,annalise.ai,https://www.linkedin.com/company/annalise-ai
10158,Simple Online Healthcare,https://www.linkedin.com/company/simple-online-healthcare
10160,University of Melbourne,https://www.linkedin.com/company/university-of-melbourne
10166,Abbott,https://www.linkedin.com/company/abbott-
10167,SA Health,https://www.linkedin.com/company/sa-health
10192,Peninsula Health,https://www.linkedin.com/company/peninsula-health
10193,Wave Digital App Development,https://www.linkedin.com/company/wave-digital-pty-ltd-
10196,Eucalyptus,https://www.linkedin.com/company/eucalyptusvc
10197,Fitness and Lifestyle Group,https://www.linkedin.com/company/fitnessandlifestylegroup
10199,WE Communications Australia,https://www.linkedin.com/company/we-communications-australia
10209,Data Capture Experts Pty Ltd,https://www.linkedin.com/company/data-capture-experts
10217,Canberra Health Services,https://www.linkedin.com/company/canberrahealthservices
10223,Northern Health,https://www.linkedin.com/company/northern-health
10225,Dermalogica UK,https://www.linkedin.com/company/dermalogicauk
10226,BodySmart Health,https://www.linkedin.com/company/bodysmart-health
10227,Grow,https://www.linkedin.com/company/grow-comunicacion
10228,Open,https://www.linkedin.com/company/openinsurancegroup
10229,AirTree,https://www.linkedin.com/company/airtree-ventures
10230,GROW Inc,https://www.linkedin.com/company/grow-inc
10232,Uplift Recruitment,https://www.linkedin.com/company/uplift-recruitment
10233,Fundsquire,https://www.linkedin.com/company/fundsquire
10235,Liquidity,https://www.linkedin.com/company/liquidityau
10236,Storm2,https://www.linkedin.com/company/storm2
10237,Airwallex,https://www.linkedin.com/company/airwallex
10239,Harvey Nash,https://www.linkedin.com/company/harvey-nash
10240,Pepperstone,https://www.linkedin.com/company/pepperstone
10241,EML,https://www.linkedin.com/company/emlpayments
10250,OurMoneyMarket,https://www.linkedin.com/company/ourmoneymarket-pty-ltd
10252,Dext,https://www.linkedin.com/company/hellodext
10254,Currencycloud,https://www.linkedin.com/company/the-currency-cloud
10257,Send Payments,https://www.linkedin.com/company/sendpayments
10258,Fresh Amplify,https://www.linkedin.com/company/freshamplify
10260,Robert Half,https://www.linkedin.com/company/robert-half-international
10263,Sales HQ Recruitment & Training,https://www.linkedin.com/company/sales-hq
10264,East Partnership,https://www.linkedin.com/company/east-partnership
10265,Alibaba Cloud,https://www.linkedin.com/company/alibaba-cloud-computing-company
10267,Superhero,https://www.linkedin.com/company/superheroau
10268,MitchelLake Group,https://www.linkedin.com/company/mitchellake-group
10269,Big Wave Digital,https://www.linkedin.com/company/big-wave-digital
10270,Venture University,https://www.linkedin.com/company/the-venture-university
10271,Lendi,https://www.linkedin.com/company/lendi
10324,Corptec Technology Partners Australia,https://www.linkedin.com/company/corptec-technology-partners-australia
10327,MONEYME,https://www.linkedin.com/company/moneyme
10331,WeMoney,https://www.linkedin.com/company/wemoneyapp
10334,Bloomberg,https://www.linkedin.com/company/bloomberg
10339,humm group,https://www.linkedin.com/company/humm-group
10350,Global Payments Inc.,https://www.linkedin.com/company/global-payments
10351,Finstro,https://www.linkedin.com/company/finstro
10371,Paydock,https://www.linkedin.com/company/paydock
10400,Coherent,https://www.linkedin.com/company/coherent-group
10401,Plenti,https://www.linkedin.com/company/plentiau
10877,Quick Release_,https://www.linkedin.com/company/quick-release
10879,Semios,https://www.linkedin.com/company/semiosbio-technologies-inc
10880,OMRON Group,https://www.linkedin.com/company/omron-corporation
10882,Hastha Solutions,https://www.linkedin.com/company/hastha-solutions
10883,WideSky,https://www.linkedin.com/company/widesky
10885,Elysium Digital,https://www.linkedin.com/company/elysium-digital
10886,Eden Worth Pty Ltd,https://www.linkedin.com/company/edenworth
10889,Tesla,https://www.linkedin.com/company/tesla-motors
10892,U.S. Financial Recruiting,https://www.linkedin.com/company/us-financial-recruiting
10893,Alarm.com,https://www.linkedin.com/company/alarm-com
10894,Konec Mobile,https://www.linkedin.com/company/konec-mobile
10896,Myriota,https://www.linkedin.com/company/myriota
10897,Connect Multimedia,https://www.linkedin.com/company/connect-multimedia
10898,Wickman Technology,https://www.linkedin.com/company/wickman-technology
10899,Exposé,https://www.linkedin.com/company/expos%C3%A9---data-exposed
10902,Kestrel Recruitment,https://www.linkedin.com/company/kestrelappprenticesolutions
10904,"View, Inc.",https://www.linkedin.com/company/viewinc
10907,Minnovation,https://www.linkedin.com/company/minnovationau
10912,Catapult,https://www.linkedin.com/company/catapultsports
10914,Canonical,https://www.linkedin.com/company/canonical
10921,Australian Bill Cutters,https://www.linkedin.com/company/australian-bill-cutters
10923,Kestrel,https://www.linkedin.com/company/kestrelbuilding
10924,FIFTEEN,https://www.linkedin.com/company/fifteen-xv
10925,Shell,https://www.linkedin.com/company/shell
10926,KnowBe4,https://www.linkedin.com/company/knowbe4
10930,Omron Automation and Robotics Australia,https://www.linkedin.com/company/omron-electronics-australia-and-new-zealand
10937,Verkada,https://www.linkedin.com/company/verkada
10945,Ellenex,https://www.linkedin.com/company/ellenexiot
10951,CommScope,https://www.linkedin.com/company/commscope
10963,affix,https://www.linkedin.com/company/weareaffix
10967,4Square Media,https://www.linkedin.com/company/4squaremedia
10974,Software AG,https://www.linkedin.com/company/software-ag
11535,Dahua Technology Australia Pty Ltd,https://www.linkedin.com/company/dahua-technology-australia-pty-ltd
11537,Venafi,https://www.linkedin.com/company/venafi
11548,Identiv,https://www.linkedin.com/company/identiv
11553,Morse Micro,https://www.linkedin.com/company/morse-micro
11555,Premier Group Recruitment,https://www.linkedin.com/company/premier-group-recruitment
11557,Vix Technology,https://www.linkedin.com/company/vix-technology
11568,PROLIM Australia & New Zealand,https://www.linkedin.com/company/prolimtechnologies
11574,Willow,https://www.linkedin.com/company/willowinc
11576,Razor Labs,https://www.linkedin.com/company/razor-technologies-inc
12160,Thinklum,https://www.linkedin.com/company/thinklum
12165,Fulcrum Robotics,https://www.linkedin.com/company/fulcrum-robotics
12171,EPHealthcare,https://www.linkedin.com/company/evanspetersen-healthcare
12173,Core Talent Pty Ltd,https://www.linkedin.com/company/core-talent-pty-ltd
12179,Transmin Pty Ltd,https://www.linkedin.com/company/transmin-pty-ltd
12182,Fliteboard,https://www.linkedin.com/company/fliteboard
12183,Inverse-Group,https://www.linkedin.com/company/inversegroup
12184,Seer,https://www.linkedin.com/company/seer-medical
12186,Proclinical Staffing,https://www.linkedin.com/company/proclinical-staffing
12187,Australian Army,https://www.linkedin.com/company/australian-army
12188,Babcock Australia & New Zealand,https://www.linkedin.com/company/babcock-pty
12191,JEM Med Recruitment,https://www.linkedin.com/company/jemmedrecruitment
12192,Electrolux,https://www.linkedin.com/company/electrolux
12194,ANCA CNC Machines,https://www.linkedin.com/company/anca
12195,"KBR, Inc.",https://www.linkedin.com/company/kbr-inc
12196,Bosch Australia & New Zealand,https://www.linkedin.com/company/bosch-australia&newzealand
12197,Miller Leith,https://www.linkedin.com/company/miller-leith
12206,Phillip Riley,https://www.linkedin.com/company/phillip-riley
12461,Amida Recruitment,https://www.linkedin.com/company/amida-recruitment-ltd
12462,Cobalt Robotics,https://www.linkedin.com/company/cobaltrobotics
12466,Cochlear,https://www.linkedin.com/company/cochlear
12471,Verbrec Ltd,https://www.linkedin.com/company/verbrec
12472,Mondelēz International,https://www.linkedin.com/company/mondelezinternational
12475,Kaminsky Consulting,https://www.linkedin.com/company/kaminsky-consulting
12481,Greenfield HR Solutions,https://www.linkedin.com/company/greenfieldhrsolutions
12484,DevOps1,https://www.linkedin.com/company/devops1-au
12487,Taz Drone Solutions,https://www.linkedin.com/company/taz-drone-solutions
12489,360 Automation,https://www.linkedin.com/company/360-automation
12491,M&T Resources,https://www.linkedin.com/company/m-and-t-resources
12495,Honeywell,https://www.linkedin.com/company/honeywell
12496,NSW Department of Customer Service,https://www.linkedin.com/company/nswcustomerservice
12500,All G Foods,https://www.linkedin.com/company/all-g-foods
12607,Pact Group Holdings Ltd,https://www.linkedin.com/company/pact-group-holdings-ltd
12609,Space Matrix,https://www.linkedin.com/company/space-matrix
12805,Worley,https://www.linkedin.com/company/worley
12807,mexec,https://www.linkedin.com/company/mexec
12811,Wing,https://www.linkedin.com/company/wing
12812,Royal Australian Navy,https://www.linkedin.com/company/ausnavy
12815,ACCIONA Australia,https://www.linkedin.com/company/acciona-australia
12816,News Corp Australia,https://www.linkedin.com/company/news-corp-australia
12820,Longreach Recruitment,https://www.linkedin.com/company/longreach-recruitment
12822,Abyss Solutions Ltd,https://www.linkedin.com/company/abyss-solutions-ltd
12824,Anglo American,https://www.linkedin.com/company/anglo-american
12825,Li-S Energy,https://www.linkedin.com/company/li-s-energy
12826,Propeller Aero,https://www.linkedin.com/company/propeller-aero
12827,Glencore,https://www.linkedin.com/company/glencore
12829,"Bluebeam, Inc.",https://www.linkedin.com/company/bluebeam-software
12830,Norton White Lawyers,https://www.linkedin.com/company/norton-white-lawyers
12831,QUT (Queensland University of Technology),https://www.linkedin.com/company/queensland-university-of-technology
12834,Magic,https://www.linkedin.com/company/magicagencyau
12838,Winslow,https://www.linkedin.com/company/winslow-group-pty-ltd
12839,Glencore Australia,https://www.linkedin.com/company/glencoreaustralia
12847,Energy Resourcing Group,https://www.linkedin.com/company/energy-resourcing-group
12855,Stellar Recruitment,https://www.linkedin.com/company/stellar-recruitment
12856,Monash University,https://www.linkedin.com/company/monash-university
13035,Domino's Pizza Enterprises Limited,https://www.linkedin.com/company/domino%27s-pizza-enterprises-limited
13461,LinkedIn,https://www.linkedin.com/company/linkedin
13463,Neota,https://www.linkedin.com/company/neota-logic-inc
13464,Unmind,https://www.linkedin.com/company/unmindhq
13465,Near,https://www.linkedin.com/company/-near
13466,ROLLER,https://www.linkedin.com/company/roller
13467,The Access Group - Asia Pacific,https://www.linkedin.com/company/theaccessgroupanz
13471,Monita,https://www.linkedin.com/company/rna-monita
13472,ShiftCare,https://www.linkedin.com/company/shiftcare
13473,Doctify,https://www.linkedin.com/company/doctify
13475,Conga,https://www.linkedin.com/company/conga
13479,Secureworks,https://www.linkedin.com/company/secureworks
13480,Serko Ltd.,https://www.linkedin.com/company/serko-ltd
13481,Longtail UX,https://www.linkedin.com/company/longtail-ux
13482,eQ8,https://www.linkedin.com/company/eq8
13484,vFairs,https://www.linkedin.com/company/vfairs
13488,Indeavor,https://www.linkedin.com/company/indeavor
13489,Hack The Box,https://www.linkedin.com/company/hackthebox
13492,Matrak,https://www.linkedin.com/company/matrak-industries
13493,Switch | SaaS & Tech Recruitment | APAC,https://www.linkedin.com/company/switchrecruitment
13496,Pointer,https://www.linkedin.com/company/pointer-strategy
13499,Karbon,https://www.linkedin.com/company/karbonhq
13500,Sleek,https://www.linkedin.com/company/sleekcorp
13501,Pentire Group,https://www.linkedin.com/company/pentire
13502,canibuild,https://www.linkedin.com/company/canibuild
13503,Fortanix,https://www.linkedin.com/company/fortanix
13504,Board International,https://www.linkedin.com/company/board
13505,AMBERES,https://www.linkedin.com/company/amberesrecruitment
13508,ActiveCampaign,https://www.linkedin.com/company/activecampaign-inc-
13518,Salt & Shein,https://www.linkedin.com/company/salt-&-shein
13555,fibreHR,https://www.linkedin.com/company/fibrehr
13584,Perkbox,https://www.linkedin.com/company/perkbox
13624,Arcanys,https://www.linkedin.com/company/arcanys
13678,Storyteq,https://www.linkedin.com/company/storyteq
13682,In Marketing We Trust,https://www.linkedin.com/company/in-marketing-we-trust
14111,Altman Solon,https://www.linkedin.com/company/altman-solon
14112,325 Consulting,https://www.linkedin.com/company/325-consulting
14114,Montgomery Advisory,https://www.linkedin.com/company/montgomery-advisory
14116,Taylor Root,https://www.linkedin.com/company/taylor-root
14118,Beacon Legal,https://www.linkedin.com/company/beaconlegalrecruitment
14120,Greenfields Executive Recruitment & Search,https://www.linkedin.com/company/greenfields-executive-recruitment-&-search
14121,NSI Talent,https://www.linkedin.com/company/nsi-middle-east
14122,Palantir Technologies,https://www.linkedin.com/company/palantir-technologies
14123,HDR,https://www.linkedin.com/company/hdr
14127,McCullough Robertson,https://www.linkedin.com/company/mccullough-robertson
14128,Ablethorpe Recruitment,https://www.linkedin.com/company/ablethorpe-recruitment
14130,AFL Recruitment,https://www.linkedin.com/company/afl-recruitment
14137,Allens,https://www.linkedin.com/company/allenslawfirm
14143,Aptitude Software,https://www.linkedin.com/company/aptitude-software
14144,Herbert Smith Freehills,https://www.linkedin.com/company/herbert-smith-freehills
14152,Plastic Wax,https://www.linkedin.com/company/plastic-wax-animation
14154,Motorsport Games,https://www.linkedin.com/company/msportgames
14155,People Tech Revolution,https://www.linkedin.com/company/people-tech-revolution
14156,PlaySide Studios,https://www.linkedin.com/company/playside
14157,Tantalus Media,https://www.linkedin.com/company/tantalus-media
14160,Liminal VR,https://www.linkedin.com/company/liminal-vr
14173,Digital Lode Immersive Media,https://www.linkedin.com/company/espirevr
14175,VIRTUAL REALITY TELEVISION LTD,https://www.linkedin.com/company/virtual-reality-television-ltd
14183,Career Advantage,https://www.linkedin.com/company/careeradvantagetraining
14184,Chartertech Pty Ltd,https://www.linkedin.com/company/chartertech-pty-ltd
14193,Ensure Health Recruitment,https://www.linkedin.com/company/ensurehealthrecruitment
14196,SailPoint,https://www.linkedin.com/company/sailpoint-technologies
14197,Ochre Health,https://www.linkedin.com/company/ochre-health
14200,Raven's Recruitment,https://www.linkedin.com/company/raven%27s-recruitment
14207,Gray Puksand,https://www.linkedin.com/company/graypuksand
14220,Ubisoft,https://www.linkedin.com/company/ubisoft
14251,SONDA Recruitment,https://www.linkedin.com/company/sonda-recruitment
14360,Laborintos,https://www.linkedin.com/company/laborintos
14362,Availity,https://www.linkedin.com/company/availity
14364,Activision,https://www.linkedin.com/company/activision
14370,Gameloft Brisbane,https://www.linkedin.com/company/gameloft-brisbane
14374,Mansell Taylor Consulting,https://www.linkedin.com/company/mansell-taylor-consulting
14479,Agency Iceberg,https://www.linkedin.com/company/agency-iceberg
14802,Samsung Electronics Southeast Asia & Oceania,https://www.linkedin.com/company/samsung-electronics-seao
14806,Teamworks,https://www.linkedin.com/company/teamworksapp
14807,Smartabase,https://www.linkedin.com/company/smartabase
14808,SMAART Recruitment,https://www.linkedin.com/company/smaart-recruitment
14810,Lyka,https://www.linkedin.com/company/lykapetfood
14814,Epson Australia,https://www.linkedin.com/company/epson-australia
14821,Deutsche Telekom,https://www.linkedin.com/company/telekom
14825,Medibank,https://www.linkedin.com/company/medibank
14835,Apprenticeship Support Australia,https://www.linkedin.com/company/apprenticeship-support-australia
14836,Hikvision,https://www.linkedin.com/company/hikvision
14838,Ivory Egg Australia,https://www.linkedin.com/company/ivory-egg-australia
14839,Johnson Controls,https://www.linkedin.com/company/johnson-controls
14841,LIFX,https://www.linkedin.com/company/lifx-labs-inc
14843,"Plume Design, Inc",https://www.linkedin.com/company/plume-wifi
14846,Melbourne Hi Fi,https://www.linkedin.com/company/melbourne-hi-fi
14852,SolarEdge Technologies,https://www.linkedin.com/company/solaredge
14853,Cyient,https://www.linkedin.com/company/cyient
14856,D'Arcy Weil,https://www.linkedin.com/company/d%27arcy-weil
14859,Smart Energy,https://www.linkedin.com/company/smart-energy-group-pty-ltd
14862,Downer,https://www.linkedin.com/company/downer
14865,Siemens,https://www.linkedin.com/company/siemens
14866,Geli,https://www.linkedin.com/company/growing-energy-labs-inc
14869,Schneider Electric,https://www.linkedin.com/company/schneider-electric
14870,The University of Queensland,https://www.linkedin.com/company/university-of-queensland
14874,Hitachi Energy,https://www.linkedin.com/company/hitachienergy
14878,Global Nomadic,https://www.linkedin.com/company/global-nomadic
14881,Senversa,https://www.linkedin.com/company/senversa
14887,John Holland,https://www.linkedin.com/company/john-holland
14896,Raytheon Australia,https://www.linkedin.com/company/raytheon-australia
14897,Veris,https://www.linkedin.com/company/veris-limited
14899,Bentley Systems,https://www.linkedin.com/company/bentley-systems
14913,RATP Dev,https://www.linkedin.com/company/ratp-dev
14914,Jacobs,https://www.linkedin.com/company/jacobs
14921,Hatch,https://www.linkedin.com/company/hatch
15532,Children's Medical Research Institute,https://www.linkedin.com/company/children%27s-medical-research-institute
15533,Transmission,https://www.linkedin.com/company/transmission-b2b
15534,Swift Navigation,https://www.linkedin.com/company/swift-navigation
15536,Experian,https://www.linkedin.com/company/experian
15537,Gurobi Optimization,https://www.linkedin.com/company/gurobi-optimization
15547,Fitzroy IT,https://www.linkedin.com/company/fitzroy-it
15550,IDEMIA,https://www.linkedin.com/company/idemiagroup
15552,NTT,https://www.linkedin.com/company/ntt
15557,Quantum Brilliance,https://www.linkedin.com/company/quantum-brilliance
15559,Quectel,https://www.linkedin.com/company/quectel-wireless-solutions
15560,Freelancer.com,https://www.linkedin.com/company/freelancer-com
15565,Just Digital People,https://www.linkedin.com/company/just-digital-people
15567,Boston Consulting Group (BCG),https://www.linkedin.com/company/boston-consulting-group
15572,Redwolf + Rosch,https://www.linkedin.com/company/redwolf-consulting
15573,DUG,https://www.linkedin.com/company/teamdug
15577,ARIS•ZINC,https://www.linkedin.com/company/aris-zinc
15578,Couchbase,https://www.linkedin.com/company/couchbase
15579,Vow,https://www.linkedin.com/company/itsjustvow
15586,AirBridge Networks,https://www.linkedin.com/company/airbridge-networks-pty-ltd
15591,Australasian Groundwater and Environmental (AGE) Consultants,https://www.linkedin.com/company/ageconsultants
15598,Jump Trading LLC,https://www.linkedin.com/company/jump-trading
15657,Chandler Macleod,https://www.linkedin.com/company/chandler-macleod
15704,NTT Ltd.,https://www.linkedin.com/company/global-ntt
15980,Toyota Finance Australia,https://www.linkedin.com/company/toyotafinanceaustralia
15981,Quantum Contract Solutions,https://www.linkedin.com/company/quantum-contract-solutions
15982,ANZ,https://www.linkedin.com/company/anz
15984,TBH,https://www.linkedin.com/company/tbh-international-consultancy
15991,King's College London,https://www.linkedin.com/company/king%27s-college-london
15999,"Department of Industry, Science and Resources",https://www.linkedin.com/company/department-of-industry
16000,HKA,https://www.linkedin.com/company/hka-global
16003,Bendigo and Adelaide Bank,https://www.linkedin.com/company/bendigo-and-adelaide-bank
16009,Centre for Quantum Technologies,https://www.linkedin.com/company/quantumlah
16010,The Project Diary / Intuitivity RPO,https://www.linkedin.com/company/the-project-diary
16013,Quantum Behaviour,https://www.linkedin.com/company/behavioursupport
16016,Rimkus,https://www.linkedin.com/company/rimkus
16020,Prodigious Worldwide,https://www.linkedin.com/company/prodigious-worldwide
16025,Queensland Treasury,https://www.linkedin.com/company/queensland-treasury
16028,"CCi,  A Rimkus Company",https://www.linkedin.com/company/cci---capital-consulting-international
16029,Kaizen Recruitment,https://www.linkedin.com/company/kaizen-recruitment
16056,Gallagher Bassett,https://www.linkedin.com/company/gallagher-bassett
16059,Sedgwick,https://www.linkedin.com/company/sedgwick
16062,Shine Lawyers,https://www.linkedin.com/company/shine-lawyers-ltd
16068,CSIRO,https://www.linkedin.com/company/csiro
16069,QuantX Labs,https://www.linkedin.com/company/quantxlabs
16071,FTI Consulting,https://www.linkedin.com/company/fti-consulting
16072,Wolf Group Australia,https://www.linkedin.com/company/wolfgroupaustralia
16105,Blake Oliver Consulting,https://www.linkedin.com/company/blake-oliver
16641,The Network Technology Recruitment,https://www.linkedin.com/company/the-network-technology-recruitment
16646,PCCW GLOBAL Limited,https://www.linkedin.com/company/pccw-global
16665,entX Limited,https://www.linkedin.com/company/entxlimited
16670,DEK Technologies,https://www.linkedin.com/company/dek-technologies
16854,WaterNSW,https://www.linkedin.com/company/waternsw
17280,Brand Influence Group (BIG),https://www.linkedin.com/company/big-brand-influence-group-
17281,Just Right People Recruitment,https://www.linkedin.com/company/just-right-people
17282,SeaLink Marine & Tourism,https://www.linkedin.com/company/sealink-marine-and-tourism
17283,Loan Market Group,https://www.linkedin.com/company/loanmarketgroup
17284,Danone,https://www.linkedin.com/company/danone
17286,ITV Studios Australia,https://www.linkedin.com/company/itvstudiosaustralia
17288,PlayStation,https://www.linkedin.com/company/playstation-sony
17290,Neumann Steel Pty Ltd,https://www.linkedin.com/company/neumann-steel
17291,Viking,https://www.linkedin.com/company/vikingcruises
17292,CMC Markets APAC & Canada,https://www.linkedin.com/company/cmc-markets-apac
17293,Totem Network,https://www.linkedin.com/company/totemnetwork
17295,Public Sector People,https://www.linkedin.com/company/public-sector-people
17296,Kalibrate -Ed,https://www.linkedin.com/company/kalibrate-ed
17297,MoveActive,https://www.linkedin.com/company/moveactive
17298,Noni B Group,https://www.linkedin.com/company/mosaicbrands
17299,LexisNexis,https://www.linkedin.com/company/lexisnexis
17303,Spaceworks Real Estate,https://www.linkedin.com/company/spaceworks-real-estate
17304,NextGen HR - WE ARE HIRING!,https://www.linkedin.com/company/x-miller-consulting
17307,Fever,https://www.linkedin.com/company/fever-up
17308,KJR,https://www.linkedin.com/company/kjr-australia
17309,AXS,https://www.linkedin.com/company/axs-com
17310,MillerKnoll,https://www.linkedin.com/company/millerknoll
17311,Heaps Normal,https://www.linkedin.com/company/heapsnormal
17313,empire group,https://www.linkedin.com/company/empiregroup-careers
17316,Kite Magnetics™,https://www.linkedin.com/company/kite-magnetics
17317,Centurion,https://www.linkedin.com/company/centurion-transport
17320,Acceptance Insurance,https://www.linkedin.com/company/acceptanceinsurance
17321,GQR Global Markets,https://www.linkedin.com/company/gqr-global-markets
17322,Elladex,https://www.linkedin.com/company/elladex
17324,The Local Project,https://www.linkedin.com/company/the-local-project-publication
17325,Department of the Prime Minister and Cabinet,https://www.linkedin.com/company/department-of-the-prime-minister-and-cabinet
17326,CTO Group (Australia),https://www.linkedin.com/company/ctogroupaustralia
17369,GoSorcerers,https://www.linkedin.com/company/gosourcingpeople
17380,genU,https://www.linkedin.com/company/genu-connect
17382,Beaumont People,https://www.linkedin.com/company/beaumont-people
17384,Apex Group Ltd,https://www.linkedin.com/company/the-apex-group-ltd
17389,Victoria Police,https://www.linkedin.com/company/victoriapolice
17390,INTELLIWORX Managed IT Services,https://www.linkedin.com/company/intelliworx
17391,National Pharmacies,https://www.linkedin.com/company/national-pharmacies
17392,FreshTrack Systems,https://www.linkedin.com/company/freshtracksystems-pty-ltd
17394,Department of Environment and Science,https://www.linkedin.com/company/department-of-environment-and-science
17395,Supagas,https://www.linkedin.com/company/supagas
17397,Global-e,https://www.linkedin.com/company/global-e
17401,Addisons,https://www.linkedin.com/company/addisons
17403,The Body Shop,https://www.linkedin.com/company/the-body-shop
17404,Federal Court of Australia,https://www.linkedin.com/company/federal-court-of-australia
17430,Reckon,https://www.linkedin.com/company/reckon
17437,UPS,https://www.linkedin.com/company/ups
17484,Prometheus Group,https://www.linkedin.com/company/prometheusgroup
17486,CDC Data Centres,https://www.linkedin.com/company/cdc-data-centres
17488,Pet Circle,https://www.linkedin.com/company/petcircle
17492,The Missing Link,https://www.linkedin.com/company/the-missing-link-pty-ltd
17498,Salient,https://www.linkedin.com/company/salient-group
17501,Eficaz Consulting,https://www.linkedin.com/company/eficaz-recruitment-pty-ltd
17524,MJD Recruitment,https://www.linkedin.com/company/mjd-executive
17526,Master Plumbers' Association of Queensland,https://www.linkedin.com/company/master-plumbers%27-association-queensland
17781,IT Alliance Australia,https://www.linkedin.com/company/it-alliance-aus
17931,Gibson Quai International,https://www.linkedin.com/company/gibson-quai-international
17935,Energy Queensland,https://www.linkedin.com/company/energyq
17938,Kent,https://www.linkedin.com/company/kentplc
17939,West Recruitment Consulting,https://www.linkedin.com/company/west-recruitment-consulting
17943,Delta Electronics Australia,https://www.linkedin.com/company/delta-electronics-australia-pty-ltd
17947,Royal HaskoningDHV,https://www.linkedin.com/company/royal-haskoningdhv
17952,Talentplicity Consulting,https://www.linkedin.com/company/talentplicityconsulting
17957,Render Networks,https://www.linkedin.com/company/render-networks
17962,Concentrix,https://www.linkedin.com/company/concentrix
17964,tm stagetec systems,https://www.linkedin.com/company/tm-systems-australia
17965,Superloop,https://www.linkedin.com/company/superloop
17974,atWork Australia,https://www.linkedin.com/company/atwork-australia
17976,"HRG: Telecommunications, Technology, Renewables",https://www.linkedin.com/company/hrg-
17978,TLH Recruitment,https://www.linkedin.com/company/tlhrecruitment
18029,Prysmian Group,https://www.linkedin.com/company/prysmian
18030,Fulton Hogan,https://www.linkedin.com/company/fulton-hogan_2
18032,MIRAIT Technologies Australia,https://www.linkedin.com/company/mirait-technologies-australia
18037,Speedcast,https://www.linkedin.com/company/speedcast
18039,Whizdom Recruitment,https://www.linkedin.com/company/whizdom-recruitment
18041,SoftwareOne,https://www.linkedin.com/company/softwareone
18043,Vocus,https://www.linkedin.com/company/vocus-communications
18155,PwC Australia,https://www.linkedin.com/company/pwc-australia
18161,Spotless Group,https://www.linkedin.com/company/spotless
18168,Assurant,https://www.linkedin.com/company/assurant
18173,Sydney Trains,https://www.linkedin.com/company/sydney-trains
18176,EFINITI TELECOMMUNICATIONS SERVICES PTY LTD,https://www.linkedin.com/company/efiniti-telecommunications-services-pty-ltd
18580,Mater Palms Academy,https://www.linkedin.com/company/mater-palms-academy
18589,The Wash Line,https://www.linkedin.com/company/the-wash-line
18594,Pontoon Beach Public Water,https://www.linkedin.com/company/pontoon-beach-public-water
18597,Halfway Crooks Beer,https://www.linkedin.com/company/halfway-crooks-beer
18599,Get.It Recruit - Administrative,https://www.linkedin.com/company/get-it-recruit-administrative
18600,Feigenbaum Agency,https://www.linkedin.com/company/feigenbaum-agency
18602,Idaho Bridal Fair,https://www.linkedin.com/company/idaho-bridal-fair
18606,JJM Sound and Video,https://www.linkedin.com/company/jjm-sound-and-video
18610,Ann Travis Events,https://www.linkedin.com/company/ann-travis-events
18614,Classic Pilates Center,https://www.linkedin.com/company/classic-pilates-center
18615,Purple Patch Consulting,https://www.linkedin.com/company/purple-patch-consulting-recruitment
18619,alexander appointments,https://www.linkedin.com/company/alexander-appointments
18627,Microba Life Sciences,https://www.linkedin.com/company/microba
